"rec_id","continent_fk","country_fk","processing_method","harvest_year","expiration_date"
0,"Africa","Ethiopia","Washed - Wet","2014","2016-04-03"
1,"Africa","Ethiopia","Washed - Wet","2014","2016-04-03"
2,"North America","Guatemala",NULL,NULL,"2011-05-31"
3,"Africa","Ethiopia","Natural - Dry","2014","2016-03-25"
4,"Africa","Ethiopia","Washed - Wet","2014","2016-04-03"
5,"South America","Brazil","Natural - Dry","2013","2014-09-03"
6,"South America","Peru","Washed - Wet","2012","2013-09-17"
7,"Africa","Ethiopia",NULL,"2010","2011-09-02"
8,"Africa","Ethiopia",NULL,"2010","2011-09-02"
9,"Africa","Ethiopia","Natural - Dry","2014","2016-03-29"
10,"Africa","Ethiopia","Natural - Dry","2014","2016-03-26"
11,"North America","United States","Washed - Wet","2014","2016-03-12"
12,"North America","United States","Washed - Wet","2014","2016-03-12"
13,"North America","United States",NULL,"2009","2011-05-31"
14,"Africa","Ethiopia",NULL,"2010","2011-08-31"
15,"North America","United States","Washed - Wet","2014","2016-03-12"
16,"Asia","Indonesia",NULL,NULL,"2011-05-31"
17,"Africa","Ethiopia",NULL,"2009","2011-06-16"
18,"Asia","China","Washed - Wet","2015","2017-04-07"
19,"Africa","Ethiopia","Natural - Dry","2014","2016-03-24"
20,"North America","United States","Washed - Wet","2014","2016-03-12"
21,"North America","Costa Rica","Washed - Wet","2014","2015-04-02"
22,"North America","Mexico","Washed - Wet","2012","2013-07-26"
23,"North America","United States","Washed - Wet","2014","2016-03-12"
24,"Africa","Ethiopia","Natural - Dry","2013","2014-09-03"
25,"South America","Brazil","Natural - Dry","2011","2012-12-02"
26,"Africa","Ethiopia",NULL,"2009","2011-06-16"
27,"Africa","Uganda","Washed - Wet","2013","2015-06-26"
28,"North America","Honduras",NULL,"2016","2018-05-18"
29,"Asia","Taiwan","Pulped natural - honey","2015","2017-05-18"
30,"North America","Nicaragua",NULL,NULL,"2011-05-18"
31,"Africa","Tanzania","Natural - Dry","2012","2014-09-03"
32,"South America","Brazil","Natural - Dry","2011","2012-12-02"
33,"North America","Costa Rica","Washed - Wet","2015","2016-12-02"
34,"Africa","Ethiopia","Natural - Dry","2014","2016-03-26"
35,"Africa","Kenya","Washed - Wet","2013","2015-05-30"
36,"North America","United States","Natural - Dry","2012","2013-04-06"
37,"North America","United States",NULL,"2010","2012-01-28"
38,"Africa","Ethiopia",NULL,"2009","2011-06-17"
39,"North America","United States","Washed - Wet","2014","2016-03-12"
40,"Asia","Thailand","Washed - Wet","2012","2013-04-12"
41,"South America","Brazil",NULL,"2010","2012-01-04"
42,"South America","Brazil",NULL,"2010","2012-01-04"
43,"Asia","Taiwan","Semi-washed - Semi-pulped","2015","2016-06-09"
44,"Africa","Kenya","Natural - Dry","2014","2016-01-29"
45,"South America","Brazil","Semi-washed - Semi-pulped","2011","2012-12-02"
46,"Africa","Uganda","Semi-washed - Semi-pulped","2014","2015-10-01"
47,"South America","Colombia","Washed - Wet","2013","2015-03-20"
48,"Africa","Kenya","Washed - Wet","2013","2015-02-06"
49,"Africa","Uganda","Washed - Wet","2012","2013-02-12"
50,"Africa","Ethiopia",NULL,"2009","2011-06-17"
51,"North America","United States",NULL,"2009","2011-05-31"
52,"North America","Guatemala","Washed - Wet","2016","2017-05-16"
53,"Africa","Uganda","Natural - Dry","2013","2015-06-30"
54,"South America","Colombia","Washed - Wet","2013","2014-07-26"
55,"North America","Panama","Washed - Wet","2017","2018-10-09"
56,"Africa","Ethiopia","Washed - Wet","2014","2016-04-03"
57,"North America","Guatemala","Washed - Wet","2012","2013-07-03"
58,"North America","Guatemala","Washed - Wet","2012","2013-06-05"
59,"Africa","Ethiopia","Natural - Dry","2017","2018-06-23"
60,"South America","Peru","Washed - Wet","2013","2015-01-22"
61,"Oceania","Papua New Guinea","Washed - Wet","2012","2013-10-25"
62,"North America","El Salvador","Washed - Wet","2013","2014-03-18"
63,"North America","El Salvador","Semi-washed - Semi-pulped","2012","2014-01-12"
64,"North America","United States","Natural - Dry","2012","2013-04-06"
65,"North America","Panama","Natural - Dry","2014","2016-05-22"
66,"Africa","Kenya","Natural - Dry","2014","2016-05-22"
67,"Africa","Ethiopia","Natural - Dry","2015","2016-03-30"
68,"Africa","Uganda","Washed - Wet","2013","2015-06-26"
69,"North America","Guatemala","Washed - Wet","2013","2014-02-26"
70,"Africa","Ethiopia","Washed - Wet","2015","2016-03-30"
71,"Africa","Uganda","Washed - Wet","2013","2015-06-26"
72,"North America","United States","Natural - Dry","2012","2013-04-06"
73,"South America","Brazil","Semi-washed - Semi-pulped","2011","2012-12-02"
74,"North America","El Salvador",NULL,"2009","2011-05-31"
75,"Asia","China","Natural - Dry","2015","2017-04-06"
76,"North America","Guatemala","Natural - Dry","2014","2016-05-22"
77,"North America","Costa Rica","Washed - Wet","2014","2015-05-01"
78,"North America","Costa Rica","Washed - Wet","2014","2015-05-01"
79,"Africa","Kenya","Washed - Wet","2012","2014-04-19"
80,"Africa","Kenya","Washed - Wet","2012","2014-03-12"
81,"Africa","Ethiopia",NULL,"2009","2011-06-17"
82,"Africa","Ethiopia",NULL,"2009","2011-06-17"
83,"North America","Guatemala",NULL,"2016","2017-04-27"
84,"South America","Colombia","Washed - Wet","2015","2016-04-07"
85,"South America","Colombia","Natural - Dry","2014","2015-01-17"
86,"Asia","Indonesia","Semi-washed - Semi-pulped","2012","2013-11-26"
87,"North America","Guatemala","Washed - Wet","2012","2013-01-17"
88,"Africa","Ethiopia","Natural - Dry","2016","2017-08-09"
89,"South America","Colombia","Natural - Dry","2015","2016-08-17"
90,"Africa","Ethiopia","Natural - Dry","2014","2015-10-07"
91,"North America","United States","Natural - Dry","2014","2015-03-10"
92,"South America","Colombia","Natural - Dry","2012","2013-03-16"
93,"North America","United States",NULL,"2010","2011-12-27"
94,"Africa","Ethiopia",NULL,"2010","2011-06-17"
95,"North America","United States",NULL,NULL,"2011-05-17"
96,"Africa","Uganda","Washed - Wet","2016","2018-07-24"
97,"South America","Colombia","Washed - Wet","2016","2018-02-15"
98,"North America","Costa Rica","Washed - Wet","2016","2018-01-30"
99,"North America","Mexico","Washed - Wet","2015","2017-09-21"
100,"Africa","Kenya","Washed - Wet","2015","2017-05-07"
101,"Africa","Kenya","Washed - Wet","2012","2014-04-19"
102,"South America","Brazil","Natural - Dry","2012","2013-02-28"
103,"North America","Mexico",NULL,"2010","2012-04-05"
104,"North America","United States",NULL,NULL,"2012-02-24"
105,"North America","Guatemala",NULL,"2009","2011-09-07"
106,"South America","Colombia","Washed - Wet","2016","2017-11-25"
107,"South America","Colombia","Washed - Wet","2015","2016-10-25"
108,"Asia","Taiwan","Semi-washed - Semi-pulped","2015","2016-06-08"
109,"Africa","Tanzania","Washed - Wet","2014","2015-12-12"
110,"South America","Colombia","Washed - Wet","2012","2013-12-11"
111,"North America","Mexico","Semi-washed - Semi-pulped","2012","2013-07-11"
112,"South America","Brazil","Natural - Dry","2011","2012-12-22"
113,"South America","Brazil","Natural - Dry","2011","2012-12-02"
114,"Africa","Kenya",NULL,"2009","2011-08-26"
115,"Asia","Taiwan","Natural - Dry","2016","2017-05-18"
116,"Africa","Uganda","Natural - Dry","2013","2015-06-30"
117,"North America","United States","Natural - Dry","2012","2013-04-06"
118,"Africa","Ethiopia",NULL,"2009","2011-06-17"
119,"Africa","Ethiopia",NULL,"2009","2011-06-17"
120,"Asia","Thailand","Pulped natural - honey","2015","2017-06-27"
121,"Africa","Kenya","Washed - Wet","2014","2016-06-01"
122,"North America","Honduras","Washed - Wet","2014","2015-04-25"
123,"North America","El Salvador",NULL,"2010","2012-08-22"
124,"North America","Nicaragua",NULL,"2009","2011-05-31"
125,"North America","El Salvador","Washed - Wet","2016","2018-06-26"
126,"Asia","Indonesia","Washed - Wet","2016","2017-11-24"
127,"Asia","Japan","Pulped natural - honey",NULL,"2017-11-02"
128,"North America","Costa Rica","Washed - Wet","2015","2017-10-04"
129,"North America","Guatemala","Washed - Wet","2015","2017-06-01"
130,"North America","Costa Rica","Washed - Wet","2014","2016-07-05"
131,"Africa","Ethiopia","Washed - Wet","2014","2016-05-22"
132,"North America","Costa Rica","Other","2014","2016-05-22"
133,"North America","Costa Rica","Washed - Wet","2014","2015-03-05"
134,"North America","Costa Rica","Washed - Wet","2012","2015-01-03"
135,"Asia","Taiwan","Washed - Wet","2013","2014-12-26"
136,"South America","Colombia","Washed - Wet","2013","2014-12-20"
137,"Africa","Kenya","Washed - Wet","2012","2013-09-16"
138,"North America","Guatemala","Washed - Wet","2012","2013-07-17"
139,"North America","Guatemala","Washed - Wet","2012","2013-07-03"
140,"North America","Mexico","Washed - Wet","2012","2013-07-02"
141,"Africa","Uganda","Washed - Wet","2012","2013-02-12"
142,"South America","Peru",NULL,NULL,"2012-06-13"
143,"Africa","Ethiopia",NULL,"2009","2011-06-17"
144,"Africa","Kenya","Washed - Wet",NULL,"2019-01-11"
145,"South America","Colombia","Washed - Wet","2016","2018-01-10"
146,"South America","Colombia","Washed - Wet","2016","2017-12-28"
147,"Africa","Kenya","Washed - Wet","2013","2015-07-21"
148,"North America","Guatemala","Washed - Wet","2014","2015-05-29"
149,"North America","Guatemala","Washed - Wet","2014","2015-03-24"
150,"South America","Colombia","Washed - Wet","2013","2014-12-20"
151,"South America","Colombia","Washed - Wet","2013","2014-12-06"
152,"Africa","Kenya","Washed - Wet","2013","2014-08-30"
153,"South America","Colombia","Washed - Wet","2012","2014-07-17"
154,"North America","Costa Rica","Semi-washed - Semi-pulped","2012","2014-03-12"
155,"South America","Colombia","Washed - Wet","2012","2013-10-09"
156,"South America","Brazil","Semi-washed - Semi-pulped","2011","2012-12-22"
157,"South America","Brazil","Semi-washed - Semi-pulped","2011","2012-12-02"
158,"North America","Costa Rica","Washed - Wet","2017","2018-11-28"
159,"Africa","Uganda","Washed - Wet","2016","2018-03-14"
160,"Asia","China","Washed - Wet","2015","2017-04-06"
161,"North America","Costa Rica","Washed - Wet","2014","2016-07-05"
162,"South America","Colombia","Washed - Wet","2015","2016-06-04"
163,"Asia","China","Washed - Wet","2013","2015-06-16"
164,"North America","Guatemala","Washed - Wet","2013","2014-02-26"
165,"Africa","Kenya","Washed - Wet","2012","2013-09-16"
166,"North America","Mexico","Washed - Wet","2012","2013-07-11"
167,"North America","Mexico","Washed - Wet","2012","2013-06-06"
168,"North America","Guatemala","Washed - Wet","2012","2013-02-15"
169,"South America","Brazil",NULL,NULL,"2012-03-22"
170,"South America","Brazil",NULL,NULL,"2012-03-21"
171,"North America","Costa Rica","Washed - Wet","2016","2018-03-23"
172,"Asia","Indonesia","Other","2017","2018-03-14"
173,"South America","Colombia","Natural - Dry","2015","2017-01-24"
174,"South America","Colombia","Washed - Wet","2014","2015-07-09"
175,"Asia","Taiwan","Washed - Wet","2012","2014-07-10"
176,"North America","United States","Natural - Dry","2012","2014-01-21"
177,"North America","Mexico","Washed - Wet","2012","2013-06-06"
178,"Africa","Ethiopia",NULL,"2009","2011-06-17"
179,"Africa","Kenya","Washed - Wet","2017","2018-08-03"
180,"North America","Honduras",NULL,"2016","2018-05-11"
181,"South America","Colombia","Washed - Wet","2016","2018-02-20"
182,"North America","Honduras","Washed - Wet","2016","2017-04-04"
183,"South America","Colombia",NULL,"2016","2017-02-15"
184,"South America","Colombia","Natural - Dry","2015","2016-04-28"
185,"South America","Colombia","Washed - Wet","2013","2014-07-19"
186,"North America","Mexico","Washed - Wet","2012","2013-07-27"
187,"South America","Brazil",NULL,"2011","2012-10-27"
188,"South America","Brazil",NULL,"2011","2012-10-27"
189,"Africa","Ethiopia",NULL,NULL,"2012-06-13"
190,"North America","Guatemala",NULL,"2009","2011-04-30"
191,"Asia","Taiwan","Washed - Wet","2016","2018-08-10"
192,"Asia","Thailand","Natural - Dry","2015","2017-11-02"
193,"South America","Colombia","Natural - Dry","2016","2017-08-05"
194,"North America","Guatemala","Washed - Wet","2016","2017-05-23"
195,"North America","Guatemala","Washed - Wet","2015","2017-04-06"
196,"Asia","China","Natural - Dry","2015","2017-04-06"
197,"South America","Colombia","Washed - Wet","2015","2016-11-18"
198,"South America","Colombia","Washed - Wet","2015","2016-10-25"
199,"South America","Colombia","Washed - Wet","2015","2016-06-04"
200,"South America","Colombia","Natural - Dry","2015","2016-04-28"
201,"Africa","Tanzania","Washed - Wet","2014","2015-12-12"
202,"Africa","Tanzania","Washed - Wet","2014","2015-12-12"
203,"North America","Guatemala","Other","2014","2015-08-21"
204,"South America","Colombia","Washed - Wet","2013","2014-10-01"
205,"North America","United States","Natural - Dry","2012","2013-12-11"
206,"North America","Mexico","Semi-washed - Semi-pulped","2012","2013-09-11"
207,"North America","Mexico","Washed - Wet","2012","2013-04-09"
208,"North America","Mexico","Washed - Wet","2012","2013-04-02"
209,"Africa","Uganda","Natural - Dry","2012","2013-02-12"
210,"North America","Guatemala","Washed - Wet","2017","2018-06-01"
211,"South America","Colombia","Washed - Wet","2016","2017-08-19"
212,"North America","Costa Rica","Washed - Wet","2016","2017-08-19"
420,"Africa","Uganda","Washed - Wet","2015","2017-05-19"
213,"North America","Guatemala","Washed - Wet","2016","2017-06-23"
214,"North America","Guatemala","Washed - Wet","2016","2017-06-01"
215,"North America","Guatemala","Washed - Wet","2016","2017-06-01"
216,"South America","Colombia","Washed - Wet","2015","2016-08-17"
217,"North America","Nicaragua","Natural - Dry","2015","2016-08-02"
218,"South America","Brazil","Natural - Dry","2015","2016-04-23"
219,"North America","Costa Rica","Washed - Wet","2014","2016-04-09"
220,"Africa","Ethiopia","Natural - Dry","2014","2016-03-25"
221,"Africa","Tanzania","Washed - Wet","2014","2015-12-12"
222,"South America","Colombia","Washed - Wet","2014","2015-10-15"
223,"North America","Guatemala","Washed - Wet","2013","2015-07-16"
224,"Africa","Kenya","Washed - Wet","2013","2014-11-07"
225,"South America","Brazil","Natural - Dry","2012","2014-05-20"
226,"North America","Guatemala","Washed - Wet","2013","2014-05-09"
227,"North America","El Salvador","Natural - Dry","2013","2014-03-18"
228,"South America","Colombia","Washed - Wet","2012","2013-10-19"
229,"North America","Guatemala","Natural - Dry","2012","2013-03-26"
230,"Africa","Uganda","Washed - Wet","2012","2013-02-12"
231,"Asia","Indonesia","Natural - Dry","2017","2018-05-24"
232,"South America","Colombia","Washed - Wet","2017","2018-11-09"
233,"Asia","Taiwan","Washed - Wet","2016","2017-05-18"
234,"North America","Guatemala","Washed - Wet","2016","2017-04-27"
235,"South America","Colombia","Washed - Wet","2014","2015-11-05"
236,"North America","Guatemala","Washed - Wet","2014","2015-06-16"
237,"North America","United States","Natural - Dry","2012","2014-01-24"
238,"North America","Mexico","Washed - Wet","2012","2013-09-04"
239,"Africa","Ethiopia","Natural - Dry","2012","2013-08-17"
240,"North America","Costa Rica","Washed - Wet","2017","2019-01-11"
241,"Africa","Ethiopia","Natural - Dry","2017","2018-06-05"
242,"North America","Honduras","Washed - Wet","2017","2018-05-11"
243,"North America","Guatemala","Washed - Wet","2015","2016-06-09"
244,"South America","Colombia","Washed - Wet","2014","2015-12-18"
245,"North America","Guatemala","Natural - Dry","2014","2015-08-08"
246,"North America","Guatemala","Other","2014","2015-06-27"
247,"South America","Colombia","Washed - Wet","2014","2015-05-27"
248,"South America","Colombia","Natural - Dry","2014","2015-05-27"
249,"South America","Colombia","Washed - Wet","2014","2015-04-08"
250,"Africa","Ethiopia","Natural - Dry","2013","2015-01-17"
251,"South America","Brazil","Natural - Dry","2013","2015-01-02"
252,"South America","Colombia","Washed - Wet","2013","2014-06-21"
253,"Africa","Kenya","Washed - Wet","2012","2014-03-08"
254,"Asia","Thailand","Washed - Wet","2012","2013-06-21"
255,"Africa","Kenya","Washed - Wet","2012","2013-05-31"
256,"Africa","Uganda","Washed - Wet","2012","2013-02-12"
257,"Asia","Thailand",NULL,"2011","2012-08-15"
258,"South America","Brazil","Natural - Dry","2017","2018-10-20"
259,"North America","Mexico","Washed - Wet","2017","2018-07-03"
260,"Asia","Thailand","Natural - Dry","2015","2017-10-18"
261,"South America","Brazil","Natural - Dry","2016","2017-08-16"
262,"Asia","Taiwan","Washed - Wet","2015","2017-05-18"
263,"South America","Colombia",NULL,"2016","2017-02-10"
264,"South America","Colombia",NULL,"2016","2017-01-20"
265,"Asia","Taiwan","Natural - Dry","2014","2016-11-06"
266,"South America","Colombia","Washed - Wet","2015","2016-08-17"
267,"South America","Colombia","Washed - Wet","2014","2016-03-11"
268,"South America","Colombia","Washed - Wet","2014","2015-12-12"
269,"Asia","Taiwan","Washed - Wet","2014","2015-11-23"
270,"South America","Colombia","Natural - Dry","2014","2015-01-17"
271,"North America","Mexico","Washed - Wet","2012","2013-07-03"
272,"North America","Mexico","Washed - Wet","2012","2013-06-06"
273,"North America","Mexico","Washed - Wet","2012","2013-04-02"
274,"South America","Colombia","Washed - Wet","2017","2018-06-30"
275,"South America","Colombia",NULL,"2016","2018-03-14"
276,"North America","Costa Rica","Washed - Wet","2015","2017-06-06"
277,"North America","Guatemala","Washed - Wet","2016","2017-05-23"
278,"Asia","Taiwan",NULL,"2016","2017-02-22"
279,"South America","Brazil","Natural - Dry","2015","2016-10-07"
280,"Asia","Taiwan","Washed - Wet","2014","2016-04-29"
281,"Africa","Ethiopia","Natural - Dry","2014","2016-03-30"
282,"South America","Brazil","Semi-washed - Semi-pulped","2014","2015-10-16"
283,"North America","Costa Rica","Washed - Wet","2013","2015-06-09"
284,"North America","Guatemala","Washed - Wet","2014","2015-05-22"
285,"South America","Brazil","Natural - Dry","2013","2014-12-26"
286,"South America","Ecuador","Natural - Dry","2013","2014-10-04"
287,"South America","Colombia","Washed - Wet","2013","2014-09-03"
288,"North America","Guatemala","Washed - Wet","2013","2014-04-26"
289,"North America","Mexico","Natural - Dry","2012","2013-07-26"
290,"North America","Mexico","Natural - Dry","2012","2013-06-06"
291,"South America","Brazil","Semi-washed - Semi-pulped","2011","2012-12-20"
292,"Asia","Thailand",NULL,"2011","2012-09-19"
293,"Asia","Thailand",NULL,"2011","2012-08-15"
294,"Africa","Ethiopia",NULL,"2010","2011-06-17"
295,"Africa","Kenya","Washed - Wet",NULL,"2019-01-11"
296,"South America","Brazil","Natural - Dry","2017","2018-10-20"
297,"South America","Colombia","Washed - Wet","2017","2018-09-28"
298,"Asia","Taiwan","Natural - Dry","2016","2018-06-06"
299,"South America","Colombia","Washed - Wet","2016","2018-02-15"
300,"Asia","China","Washed - Wet","2015","2017-04-06"
301,"South America","Colombia","Natural - Dry","2015","2016-11-26"
302,"Africa","Uganda","Natural - Dry","2013","2015-06-30"
303,"North America","United States","Washed - Wet","2013","2015-06-09"
304,"South America","Colombia","Washed - Wet","2014","2015-02-05"
305,"South America","Colombia","Washed - Wet","2014","2015-01-24"
306,"South America","Colombia","Washed - Wet","2013","2014-11-22"
307,"South America","Colombia","Washed - Wet","2013","2014-08-27"
308,"North America","United States","Natural - Dry","2013","2014-05-02"
309,"North America","Mexico","Natural - Dry","2012","2013-09-27"
310,"North America","Guatemala","Washed - Wet","2012","2013-05-24"
311,"South America","Colombia",NULL,"2011","2012-04-19"
312,"South America","Colombia",NULL,"2010","2012-02-09"
313,"North America","United States",NULL,NULL,"2011-06-29"
314,"South America","Brazil","Natural - Dry","2017","2018-10-20"
315,"Africa","Kenya","Washed - Wet","2017","2018-09-01"
316,"North America","Honduras","Washed - Wet","2016","2018-05-11"
317,"North America","Nicaragua","Washed - Wet","2016","2018-05-11"
318,"South America","Brazil","Natural - Dry","2016","2017-08-16"
319,"Asia","Taiwan","Natural - Dry","2015","2017-05-18"
320,"North America","Costa Rica",NULL,NULL,"2017-03-14"
321,"Asia","Thailand","Washed - Wet","2014","2016-06-08"
322,"South America","Colombia","Washed - Wet","2014","2015-11-21"
323,"North America","Guatemala","Washed - Wet","2014","2015-02-27"
324,"South America","Colombia","Washed - Wet","2013","2014-10-29"
325,"South America","Colombia","Washed - Wet","2013","2014-08-16"
326,"North America","Guatemala","Washed - Wet","2013","2014-05-30"
327,"North America","Guatemala","Washed - Wet","2013","2014-02-26"
328,"South America","Colombia","Washed - Wet","2012","2013-11-22"
329,"North America","Guatemala","Natural - Dry","2012","2013-08-23"
330,"North America","Guatemala","Washed - Wet","2012","2013-07-09"
331,"North America","Mexico","Washed - Wet","2012","2013-07-02"
332,"Asia","Indonesia","Washed - Wet","2012","2013-05-23"
333,"North America","Guatemala","Washed - Wet","2012","2013-04-30"
334,"North America","United States",NULL,NULL,"2012-04-20"
335,"South America","Brazil","Natural - Dry","2017","2018-10-20"
336,"North America","Guatemala","Washed - Wet","2016","2017-07-05"
337,"South America","Colombia","Washed - Wet","2016","2017-04-15"
338,"Asia","China","Washed - Wet","2015","2017-04-06"
339,"South America","Colombia","Washed - Wet","2015","2016-11-18"
340,"North America","Mexico","Washed - Wet","2014","2016-05-11"
341,"Africa","Ethiopia","Washed - Wet","2014","2016-03-24"
342,"Africa","Uganda","Washed - Wet","2013","2015-06-27"
343,"South America","Colombia","Natural - Dry","2014","2015-06-24"
344,"South America","Colombia","Washed - Wet","2014","2015-03-13"
345,"South America","Colombia","Washed - Wet","2014","2015-03-21"
346,"Asia","Taiwan","Other","2013","2014-12-26"
347,"South America","Colombia","Washed - Wet","2012","2013-08-31"
348,"North America","Mexico","Washed - Wet","2012","2013-06-06"
349,"South America","Colombia","Natural - Dry","2012","2013-04-02"
350,"South America","Brazil","Semi-washed - Semi-pulped","2012","2013-01-22"
351,"South America","Colombia","Washed - Wet","2016","2018-02-20"
352,"Asia","Taiwan",NULL,"2016","2018-02-13"
353,"North America","Costa Rica","Washed - Wet","2015","2017-06-06"
354,"South America","Colombia","Natural - Dry","2016","2017-04-07"
355,"North America","Guatemala","Washed - Wet","2016","2017-03-16"
356,"South America","Colombia","Washed - Wet","2015","2016-11-18"
357,"Africa","Tanzania","Washed - Wet","2015","2016-11-15"
358,"Asia","Indonesia","Semi-washed - Semi-pulped","2015","2016-09-13"
359,"Africa","Ethiopia","Natural - Dry","2014","2016-03-30"
360,"South America","Colombia","Washed - Wet","2014","2016-03-11"
361,"South America","Colombia","Washed - Wet","2014","2016-01-22"
362,"North America","Guatemala","Washed - Wet","2013","2015-12-18"
363,"South America","Colombia","Washed - Wet","2014","2015-08-11"
364,"North America","Honduras","Natural - Dry","2014","2015-04-08"
365,"South America","Colombia","Washed - Wet","2013","2014-04-26"
366,"South America","Colombia","Washed - Wet","2013","2014-05-24"
367,"North America","Mexico","Natural - Dry","2012","2013-08-31"
368,"North America","Mexico","Semi-washed - Semi-pulped","2012","2013-08-30"
369,"North America","Mexico","Washed - Wet","2012","2013-07-11"
370,"North America","Guatemala","Washed - Wet","2012","2013-04-30"
371,"South America","Colombia","Washed - Wet","2012","2013-02-08"
372,"North America","Guatemala","Washed - Wet","2012","2013-01-31"
373,"North America","United States",NULL,NULL,"2012-03-07"
374,"Asia","Indonesia",NULL,"2010","2011-11-29"
375,"South America","Colombia","Washed - Wet","2017","2018-11-09"
376,"North America","Guatemala","Washed - Wet","2017","2018-08-23"
377,"South America","Colombia","Washed - Wet","2016","2018-05-10"
378,"North America","Costa Rica","Washed - Wet","2016","2018-02-17"
379,"Asia","Taiwan",NULL,"2015","2018-02-13"
380,"Africa","Uganda","Washed - Wet","2015","2017-07-21"
381,"Asia","Thailand","Washed - Wet","2015","2017-06-27"
382,"North America","El Salvador","Washed - Wet","2016","2017-04-25"
383,"South America","Colombia","Natural - Dry","2015","2016-04-28"
384,"South America","Brazil","Semi-washed - Semi-pulped","2014","2016-01-15"
385,"Africa","Tanzania","Washed - Wet","2014","2015-12-12"
386,"South America","Colombia","Washed - Wet","2014","2015-10-15"
387,"North America","Guatemala","Natural - Dry","2013","2015-08-21"
388,"North America","Guatemala","Washed - Wet","2014","2015-02-18"
389,"North America","Guatemala","Washed - Wet","2013","2014-07-16"
390,"North America","United States","Natural - Dry","2012","2014-01-24"
391,"South America","Colombia","Washed - Wet","2012","2013-06-26"
392,"South America","Colombia",NULL,NULL,"2012-02-01"
393,"North America","United States",NULL,"2010","2011-12-27"
394,"Asia","Thailand",NULL,NULL,"2011-04-13"
395,"North America","Mexico",NULL,NULL,"2011-05-26"
396,"South America","Colombia","Washed - Wet","2016","2017-11-08"
397,"South America","Colombia","Washed - Wet","2016","2017-06-15"
398,"South America","Colombia","Washed - Wet","2016","2017-05-05"
399,"South America","Brazil","Semi-washed - Semi-pulped","2015","2016-10-11"
400,"North America","Mexico","Washed - Wet","2014","2016-07-13"
401,"South America","Colombia","Washed - Wet","2015","2016-04-07"
402,"Africa","Tanzania","Semi-washed - Semi-pulped","2014","2015-12-12"
403,"North America","Mexico","Washed - Wet","2013","2015-07-15"
404,"North America","Costa Rica","Washed - Wet","2014","2015-04-07"
405,"North America","United States","Natural - Dry","2014","2015-02-25"
406,"North America","Costa Rica","Washed - Wet","2013","2015-02-14"
407,"South America","Peru","Washed - Wet","2013","2015-01-21"
408,"North America","Haiti","Washed - Wet","2012","2014-10-03"
409,"South America","Colombia","Natural - Dry","2013","2014-04-26"
410,"North America","Guatemala","Washed - Wet","2013","2014-02-26"
411,"North America","United States","Natural - Dry","2012","2014-01-24"
412,"Africa","Burundi","Washed - Wet","2012","2013-08-29"
413,"South America","Colombia","Washed - Wet","2012","2013-05-30"
414,"North America","United States",NULL,NULL,"2012-09-19"
415,"North America","United States",NULL,NULL,"2012-02-24"
416,"North America","Mexico","Washed - Wet","2017","2018-03-07"
417,"North America","Costa Rica","Pulped natural - honey","2016","2018-01-30"
418,"North America","Costa Rica","Washed - Wet","2015","2017-09-20"
419,"North America","Guatemala","Washed - Wet","2016","2017-08-12"
421,"South America","Brazil",NULL,"2016","2017-01-11"
422,"South America","Colombia","Natural - Dry","2015","2016-11-26"
423,"North America","Mexico","Natural - Dry","2015","2016-07-13"
424,"Asia","Taiwan","Washed - Wet","2015","2016-06-17"
425,"Asia","Taiwan","Washed - Wet","2014","2015-11-23"
426,"South America","Colombia","Natural - Dry","2014","2015-06-24"
427,"North America","Guatemala","Washed - Wet","2014","2015-03-07"
428,"South America","Colombia","Washed - Wet","2013","2014-08-02"
429,"North America","Mexico","Washed - Wet","2013","2014-03-29"
430,"North America","United States","Natural - Dry","2012","2014-03-21"
431,"North America","Mexico","Washed - Wet","2012","2013-08-01"
432,"North America","Mexico","Washed - Wet","2012","2013-07-11"
433,"North America","Guatemala","Washed - Wet","2012","2013-07-09"
434,"South America","Brazil","Semi-washed - Semi-pulped","2012","2013-02-22"
435,"South America","Colombia","Washed - Wet","2012","2013-02-21"
436,"South America","Colombia","Washed - Wet","2012","2013-02-08"
437,"South America","Colombia",NULL,"2011","2012-06-13"
438,"South America","Colombia",NULL,"2010","2012-02-22"
439,"South America","Colombia",NULL,"2010","2012-01-17"
440,"South America","Brazil","Natural - Dry","2017","2018-10-20"
441,"North America","Guatemala","Washed - Wet","2017","2018-08-24"
442,"Africa","Tanzania","Washed - Wet","2016","2018-06-20"
443,"South America","Peru",NULL,"2017","2018-06-16"
444,"Asia","Vietnam","Natural - Dry","2017","2018-05-08"
445,"North America","Guatemala","Washed - Wet","2016","2017-05-23"
446,"North America","Honduras","Washed - Wet","2016","2017-05-02"
447,"Asia","China","Washed - Wet","2015","2017-04-06"
448,"Asia","China","Washed - Wet","2015","2017-04-05"
449,"North America","El Salvador","Washed - Wet","2016","2017-03-29"
450,"North America","Guatemala","Washed - Wet","2015","2016-10-28"
451,"North America","Guatemala","Washed - Wet","2015","2016-09-28"
452,"Africa","Kenya","Washed - Wet","2014","2016-07-02"
453,"Asia","Thailand","Washed - Wet","2014","2016-06-08"
454,"Africa","Tanzania","Washed - Wet","2014","2015-12-12"
455,"South America","Colombia","Washed - Wet","2014","2015-11-05"
456,"Africa","Uganda","Washed - Wet","2014","2015-10-28"
457,"South America","Colombia","Washed - Wet","2014","2015-08-25"
458,"North America","Honduras","Natural - Dry","2013","2015-04-12"
459,"North America","Honduras","Natural - Dry","2014","2015-04-08"
460,"North America","Guatemala","Washed - Wet","2014","2015-03-27"
461,"North America","United States","Natural - Dry","2013","2015-02-07"
462,"Africa","Tanzania","Washed - Wet","2014","2015-01-31"
463,"North America","Guatemala","Washed - Wet","2013","2014-04-26"
464,"North America","Mexico","Washed - Wet","2013","2014-03-29"
465,"North America","Mexico","Washed - Wet","2012","2013-09-27"
466,"North America","Mexico","Washed - Wet","2012","2013-09-27"
467,"South America","Colombia","Washed - Wet","2012","2013-08-31"
468,"North America","Mexico","Washed - Wet","2012","2013-07-11"
469,"South America","Colombia","Washed - Wet","2012","2013-06-08"
470,"North America","Mexico","Washed - Wet","2012","2013-06-06"
471,"South America","Brazil","Natural - Dry","2012","2013-03-19"
472,"South America","Brazil","Natural - Dry","2012","2013-02-16"
473,"North America","Guatemala","Washed - Wet","2012","2013-01-31"
474,"South America","Brazil","Semi-washed - Semi-pulped","2011","2012-12-02"
475,"South America","Brazil",NULL,"2011","2012-10-27"
476,"North America","El Salvador",NULL,"2010","2012-08-22"
477,"Africa","Ethiopia",NULL,NULL,"2011-06-16"
478,"South America","Colombia","Washed - Wet","2016","2018-02-20"
479,"South America","Colombia","Washed - Wet","2016","2018-01-10"
480,"South America","Brazil","Pulped natural - honey","2015","2017-04-25"
481,"South America","Brazil","Natural - Dry","2015","2016-10-07"
482,"Asia","Taiwan","Natural - Dry","2015","2016-05-18"
483,"South America","Brazil","Natural - Dry","2015","2016-04-19"
484,"South America","Brazil","Washed - Wet","2014","2015-10-16"
485,"North America","Costa Rica","Washed - Wet","2014","2015-07-15"
486,"North America","United States","Natural - Dry","2013","2015-02-19"
487,"Asia","Taiwan","Other","2013","2014-12-26"
488,"North America","United States","Natural - Dry","2012","2014-03-08"
489,"North America","Mexico","Washed - Wet","2012","2013-06-06"
490,"North America","United States","Natural - Dry","2012","2013-04-06"
491,"North America","United States","Washed - Wet","2012","2013-02-22"
492,"South America","Colombia",NULL,NULL,"2012-07-28"
493,"South America","Colombia",NULL,"2010","2012-02-22"
494,"Asia","Indonesia",NULL,"2010","2011-11-29"
495,"North America","Guatemala",NULL,NULL,"2011-11-11"
496,"South America","Brazil","Natural - Dry","2017","2018-10-20"
497,"South America","Brazil","Natural - Dry","2016","2017-08-16"
498,"South America","Brazil","Natural - Dry","2016","2017-08-16"
499,"Africa","Uganda","Washed - Wet","2015","2017-07-18"
500,"Africa","Uganda","Natural - Dry","2015","2017-07-18"
501,"South America","Colombia",NULL,"2016","2017-02-10"
502,"Asia","Vietnam","Other","2014","2016-12-27"
503,"North America","Guatemala","Washed - Wet","2015","2016-07-07"
504,"North America","Guatemala","Washed - Wet","2015","2016-06-04"
505,"North America","Guatemala","Washed - Wet","2015","2016-04-22"
506,"South America","Brazil","Natural - Dry","2014","2016-02-13"
507,"Asia","Taiwan","Washed - Wet","2014","2015-11-23"
508,"Africa","Uganda","Washed - Wet","2013","2015-06-26"
509,"North America","United States","Washed - Wet","2013","2015-06-09"
510,"North America","Guatemala","Washed - Wet","2014","2015-03-07"
511,"North America","Costa Rica","Washed - Wet","2013","2015-02-14"
512,"South America","Brazil","Semi-washed - Semi-pulped","2013","2015-01-02"
513,"South America","Colombia","Washed - Wet","2013","2014-11-07"
514,"South America","Colombia","Washed - Wet","2013","2014-08-02"
515,"South America","Colombia","Natural - Dry","2013","2014-03-15"
516,"South America","Colombia","Natural - Dry","2013","2014-04-26"
517,"South America","Colombia","Washed - Wet","2012","2013-10-23"
518,"North America","Mexico","Washed - Wet","2012","2013-07-26"
519,"North America","Mexico","Semi-washed - Semi-pulped","2012","2013-07-26"
520,"North America","Mexico","Washed - Wet","2012","2013-07-11"
521,"South America","Colombia","Natural - Dry","2012","2013-05-22"
522,"South America","Colombia","Washed - Wet","2012","2013-05-11"
523,"South America","Colombia","Washed - Wet","2012","2013-06-08"
524,"North America","Guatemala","Washed - Wet","2012","2013-04-27"
525,"South America","Colombia","Washed - Wet","2011","2012-12-01"
526,"Asia","Thailand",NULL,"2011","2012-08-15"
527,"South America","Colombia",NULL,NULL,"2012-05-11"
528,"North America","United States",NULL,NULL,"2012-04-20"
529,"North America","United States",NULL,NULL,"2012-03-08"
530,"South America","Colombia",NULL,"2011","2012-02-01"
531,"North America","Nicaragua",NULL,"2009","2011-05-31"
532,"Asia","Thailand",NULL,NULL,"2011-04-13"
533,"South America","Brazil","Natural - Dry","2017","2018-10-20"
534,"North America","El Salvador","Washed - Wet","2017","2018-08-28"
535,"South America","Colombia","Washed - Wet","2017","2018-07-07"
536,"Asia","Taiwan","Natural - Dry","2016","2017-06-28"
537,"Africa","Ethiopia","Washed - Wet","2016","2017-02-25"
538,"Asia","Taiwan","Natural - Dry","2014","2016-09-06"
539,"Asia","Philippines","Washed - Wet","2015","2016-07-30"
540,"Asia","Philippines","Washed - Wet","2014","2016-07-20"
541,"North America","Mexico","Natural - Dry","2015","2016-07-13"
542,"North America","Mexico","Washed - Wet","2015","2016-06-10"
543,"South America","Brazil","Semi-washed - Semi-pulped","2014","2015-08-15"
544,"Africa","Uganda","Washed - Wet","2013","2015-06-27"
545,"Africa","Uganda","Washed - Wet","2013","2015-06-27"
546,"North America","Guatemala","Washed - Wet","2014","2015-04-03"
547,"North America","Guatemala","Natural - Dry","2014","2015-03-07"
548,"North America","Guatemala","Washed - Wet","2012","2014-12-27"
549,"South America","Colombia","Washed - Wet","2013","2014-09-13"
550,"South America","Colombia","Natural - Dry","2013","2014-03-20"
551,"North America","Guatemala","Washed - Wet","2013","2014-03-11"
552,"South America","Colombia","Washed - Wet","2013","2014-01-22"
553,"North America","Mexico","Natural - Dry","2012","2013-07-26"
554,"Asia","Vietnam","Natural - Dry","2012","2013-07-20"
555,"North America","Mexico","Washed - Wet","2012","2013-03-05"
556,"North America","United States","Washed - Wet","2012","2013-02-22"
557,"South America","Colombia",NULL,NULL,"2012-07-18"
558,"Asia","Thailand",NULL,NULL,"2011-04-13"
559,"Africa","Kenya","Washed - Wet","2017","2018-10-13"
560,"North America","Guatemala","Washed - Wet","2017","2018-06-22"
561,"South America","Brazil","Pulped natural - honey","2015","2018-02-06"
562,"North America","El Salvador","Washed - Wet","2016","2017-04-08"
563,"Africa","Rwanda","Washed - Wet","2015","2017-03-25"
564,"Asia","Vietnam","Other","2014","2017-01-18"
565,"North America","Guatemala","Washed - Wet","2015","2016-07-19"
566,"South America","Brazil","Natural - Dry","2015","2016-05-25"
567,"South America","Colombia","Washed - Wet","2014","2016-03-20"
568,"North America","United States","Other","2014","2016-02-20"
569,"North America","Guatemala","Washed - Wet","2014","2015-03-24"
570,"South America","Colombia","Natural - Dry","2013","2015-01-20"
571,"South America","Colombia","Washed - Wet","2013","2014-05-10"
572,"Africa","Tanzania","Washed - Wet","2012","2014-04-19"
573,"North America","Mexico","Washed - Wet","2012","2013-08-30"
574,"North America","Mexico","Washed - Wet","2012","2013-07-11"
575,"North America","Guatemala","Washed - Wet","2012","2013-07-09"
576,"North America","Mexico","Washed - Wet","2012","2013-06-06"
577,"North America","El Salvador",NULL,"2010","2012-08-22"
578,"North America","Guatemala","Washed - Wet",NULL,"2019-01-09"
579,"North America","Guatemala","Washed - Wet","2017","2018-10-17"
580,"North America","Guatemala","Washed - Wet","2017","2018-09-19"
581,"North America","Guatemala","Washed - Wet","2017","2018-09-08"
582,"North America","Guatemala","Washed - Wet","2017","2018-08-22"
583,"Asia","Indonesia","Other","2017","2018-08-08"
584,"North America","Guatemala","Washed - Wet","2017","2018-06-01"
585,"Asia","Taiwan","Natural - Dry","2016","2018-06-01"
586,"North America","El Salvador","Washed - Wet","2017","2018-05-08"
587,"North America","Costa Rica","Washed - Wet","2016","2018-04-28"
588,"North America","Honduras","Natural - Dry","2017","2018-04-06"
589,"South America","Brazil","Pulped natural - honey","2015","2017-04-25"
590,"Asia","China","Natural - Dry","2015","2017-04-06"
591,"Asia","China","Washed - Wet","2015","2017-04-05"
592,"South America","Colombia","Washed - Wet","2014","2015-11-07"
593,"Africa","Malawi","Washed - Wet","2014","2015-11-04"
594,"North America","Guatemala","Washed - Wet","2014","2015-06-16"
595,"South America","Colombia","Washed - Wet","2014","2015-05-27"
596,"North America","United States","Natural - Dry","2013","2015-02-05"
597,"North America","United States","Natural - Dry","2013","2015-02-04"
598,"South America","Colombia","Washed - Wet","2013","2015-01-21"
599,"North America","Mexico","Washed - Wet","2013","2014-03-29"
600,"North America","Mexico","Washed - Wet","2012","2013-07-11"
601,"North America","Mexico","Natural - Dry","2012","2013-06-06"
602,"South America","Colombia","Washed - Wet","2012","2013-04-11"
603,"South America","Colombia","Washed - Wet","2012","2013-03-05"
604,"North America","United States","Washed - Wet","2012","2013-02-22"
605,"North America","Panama","Washed - Wet","2012","2013-02-22"
606,"North America","United States",NULL,NULL,"2011-06-29"
607,"South America","Brazil","Natural - Dry","2017","2018-10-20"
608,"South America","Brazil","Natural - Dry","2016","2017-08-16"
609,"Asia","Laos","Washed - Wet","2015","2017-06-02"
610,"North America","El Salvador","Washed - Wet","2016","2017-03-29"
611,"North America","Mexico",NULL,"2016","2017-02-24"
612,"South America","Colombia","Washed - Wet","2015","2016-11-02"
613,"South America","Brazil","Natural - Dry","2015","2016-10-07"
614,"South America","Brazil","Natural - Dry","2014","2016-01-15"
615,"Africa","Tanzania","Washed - Wet","2014","2015-12-18"
616,"Africa","Tanzania","Washed - Wet","2014","2015-12-15"
617,"Asia","Taiwan","Washed - Wet","2014","2015-11-23"
618,"North America","Mexico","Natural - Dry","2014","2015-08-15"
619,"Africa","Uganda","Washed - Wet","2013","2015-06-25"
620,"Asia","Taiwan","Washed - Wet","2013","2014-12-26"
621,"Asia","Thailand","Washed - Wet","2013","2014-09-03"
622,"South America","Colombia","Washed - Wet","2012","2014-01-22"
623,"North America","El Salvador","Washed - Wet","2012","2013-08-17"
624,"North America","Guatemala","Washed - Wet","2012","2013-07-17"
625,"Asia","Thailand","Washed - Wet","2012","2013-06-13"
626,"North America","Mexico","Washed - Wet","2012","2013-06-06"
627,"North America","Mexico","Washed - Wet","2012","2013-06-06"
628,"South America","Colombia",NULL,"2011","2012-11-15"
629,"North America","United States",NULL,NULL,"2012-09-19"
630,"North America","Mexico",NULL,"2010","2012-04-05"
631,"South America","Colombia",NULL,"2010","2012-02-09"
632,"South America","Colombia",NULL,"2009","2011-09-03"
633,"North America","Guatemala","Washed - Wet","2017","2018-09-08"
634,"Asia","Taiwan","Pulped natural - honey","2016","2018-08-22"
635,"South America","Brazil","Pulped natural - honey","2016","2018-04-19"
636,"Asia","Taiwan",NULL,"2016","2018-02-13"
637,"South America","Brazil",NULL,"2016","2016-12-27"
638,"Asia","Indonesia","Semi-washed - Semi-pulped","2015","2016-09-14"
639,"Asia","Thailand","Washed - Wet","2014","2016-06-08"
640,"Asia","Thailand","Washed - Wet","2014","2016-02-15"
641,"Africa","Tanzania","Washed - Wet","2014","2015-12-12"
642,"Africa","Uganda","Natural - Dry","2013","2015-06-30"
643,"North America","Costa Rica","Washed - Wet","2013","2015-05-09"
644,"North America","Mexico","Washed - Wet","2014","2015-04-18"
645,"North America","Guatemala","Natural - Dry","2012","2014-12-10"
646,"South America","Colombia","Washed - Wet","2013","2014-04-16"
647,"South America","Colombia","Washed - Wet","2012","2013-10-09"
648,"South America","Colombia","Washed - Wet","2013","2014-02-27"
649,"North America","Mexico","Washed - Wet","2012","2013-09-04"
650,"North America","Mexico","Washed - Wet","2012","2013-07-02"
651,"South America","Colombia","Washed - Wet","2012","2013-06-13"
652,"South America","Brazil",NULL,"2011","2012-10-27"
653,"South America","Brazil","Natural - Dry","2017","2018-10-20"
654,"Asia","Indonesia","Washed - Wet","2017","2018-09-04"
655,"North America","Honduras","Washed - Wet","2017","2018-06-03"
656,"North America","Guatemala","Washed - Wet","2016","2017-03-16"
657,"Asia","Thailand","Washed - Wet","2014","2016-06-08"
658,"Asia","Thailand","Washed - Wet","2014","2016-02-15"
659,"Africa","Tanzania","Washed - Wet","2014","2015-12-18"
660,"Africa","Tanzania","Washed - Wet","2014","2015-12-12"
661,"North America","Mexico","Washed - Wet","2013","2015-04-14"
662,"South America","Brazil","Semi-washed - Semi-pulped","2013","2015-01-14"
663,"North America","Guatemala","Washed - Wet","2013","2014-05-30"
664,"South America","Colombia","Washed - Wet","2013","2014-05-07"
665,"North America","Guatemala","Washed - Wet","2013","2014-02-26"
666,"North America","Mexico","Washed - Wet","2012","2013-09-27"
667,"North America","Mexico","Washed - Wet","2012","2013-07-26"
668,"North America","Mexico","Semi-washed - Semi-pulped","2012","2013-06-07"
669,"North America","Guatemala","Natural - Dry","2012","2013-03-26"
670,"South America","Brazil","Semi-washed - Semi-pulped","2012","2013-03-16"
671,"South America","Colombia","Washed - Wet","2012","2013-03-05"
672,"North America","United States","Washed - Wet","2012","2013-02-22"
673,"North America","Guatemala",NULL,NULL,"2011-07-23"
674,"North America","Honduras","Washed - Wet","2017","2018-09-27"
675,"North America","Guatemala","Washed - Wet","2017","2018-09-08"
676,"North America","Guatemala","Washed - Wet","2016","2018-06-01"
677,"North America","Guatemala","Washed - Wet","2017","2018-06-01"
678,"North America","Guatemala","Washed - Wet","2017","2018-01-20"
679,"South America","Colombia","Washed - Wet","2016","2017-08-05"
680,"Asia","China","Washed - Wet","2015","2017-04-06"
681,"South America","Brazil",NULL,"2016","2017-01-11"
682,"Africa","Tanzania","Washed - Wet","2015","2016-11-15"
683,"South America","Brazil","Natural - Dry","2015","2016-10-07"
684,"North America","Guatemala","Washed - Wet","2013","2015-12-18"
685,"North America","Mexico","Washed - Wet","2014","2015-08-14"
686,"South America","Brazil","Semi-washed - Semi-pulped","2012","2015-05-08"
687,"South America","Peru","Washed - Wet","2013","2015-01-21"
688,"South America","Brazil","Natural - Dry","2013","2014-12-30"
689,"North America","Mexico","Washed - Wet","2013","2014-12-12"
690,"North America","Honduras","Washed - Wet","2012","2014-12-10"
691,"South America","Colombia","Washed - Wet","2013","2014-05-31"
692,"North America","Mexico","Washed - Wet","2013","2014-03-29"
693,"North America","Mexico","Semi-washed - Semi-pulped","2012","2013-09-11"
694,"North America","Mexico","Washed - Wet","2012","2013-09-10"
695,"North America","Mexico","Washed - Wet","2012","2013-08-31"
696,"North America","Mexico","Washed - Wet","2012","2013-07-25"
697,"North America","Mexico","Washed - Wet","2012","2013-07-11"
698,"North America","Mexico","Washed - Wet","2012","2013-07-03"
699,"North America","Mexico","Washed - Wet","2012","2013-06-06"
700,"North America","Mexico","Washed - Wet","2012","2013-04-09"
701,"South America","Colombia","Natural - Dry","2012","2013-01-30"
702,"South America","Brazil","Natural - Dry","2012","2013-01-22"
703,"South America","Colombia","Washed - Wet","2011","2012-12-21"
704,"South America","Colombia",NULL,"2011","2012-09-21"
705,"North America","Honduras","Washed - Wet","2017","2018-04-06"
706,"South America","Brazil","Natural - Dry","2016","2018-02-09"
707,"South America","Brazil","Natural - Dry","2016","2017-10-13"
708,"South America","Brazil","Natural - Dry","2016","2017-08-16"
709,"North America","Costa Rica","Washed - Wet","2015","2017-07-15"
710,"North America","Costa Rica","Washed - Wet","2015","2017-05-17"
711,"Asia","China","Pulped natural - honey","2015","2017-04-05"
712,"South America","Brazil","Natural - Dry","2015","2016-10-07"
713,"South America","Brazil","Natural - Dry","2015","2016-04-19"
714,"North America","Guatemala","Washed - Wet","2015","2016-03-09"
715,"Africa","Malawi","Washed - Wet","2014","2015-11-04"
716,"South America","Brazil","Natural - Dry","2014","2015-10-15"
717,"North America","Guatemala","Washed - Wet","2014","2015-06-10"
718,"North America","Mexico","Washed - Wet","2014","2015-04-02"
719,"South America","Colombia","Washed - Wet","2013","2015-01-21"
720,"Asia","Taiwan","Semi-washed - Semi-pulped","2013","2014-12-26"
721,"Asia","Taiwan","Washed - Wet","2013","2014-12-26"
722,"North America","Guatemala","Washed - Wet","2013","2014-07-16"
723,"South America","Colombia","Washed - Wet","2013","2014-06-21"
724,"North America","Mexico","Washed - Wet","2013","2014-03-15"
725,"North America","Costa Rica","Washed - Wet","2012","2013-10-09"
726,"North America","Guatemala","Washed - Wet","2012","2013-10-05"
727,"North America","Mexico","Natural - Dry","2012","2013-09-27"
728,"North America","Mexico","Washed - Wet","2012","2013-08-31"
729,"North America","Guatemala","Washed - Wet","2012","2013-05-23"
730,"South America","Brazil","Natural - Dry","2012","2013-04-11"
731,"North America","Mexico","Washed - Wet","2012","2013-03-05"
732,"South America","Brazil","Washed - Wet","2012","2013-02-16"
733,"South America","Colombia","Natural - Dry","2012","2013-01-30"
734,"South America","Brazil","Washed - Wet",NULL,"2018-11-15"
735,"Asia","Taiwan",NULL,"2016","2018-02-13"
736,"North America","Guatemala","Washed - Wet","2016","2017-08-31"
737,"South America","Brazil","Natural - Dry","2015","2016-10-07"
738,"North America","El Salvador","Washed - Wet","2014","2016-07-07"
739,"North America","Honduras","Washed - Wet","2015","2016-04-14"
740,"Africa","Malawi","Washed - Wet","2014","2015-11-04"
741,"South America","Brazil","Natural - Dry","2014","2015-10-16"
742,"Asia","Taiwan","Washed - Wet","2013","2014-12-26"
743,"North America","Mexico","Washed - Wet","2013","2014-07-19"
744,"North America","United States","Natural - Dry","2013","2014-05-03"
745,"North America","Mexico","Washed - Wet","2012","2013-09-27"
746,"North America","Guatemala","Washed - Wet","2012","2013-09-19"
747,"North America","Mexico","Washed - Wet","2012","2013-08-31"
748,"North America","Mexico","Washed - Wet","2012","2013-08-30"
749,"North America","El Salvador","Washed - Wet","2012","2013-08-21"
750,"North America","Mexico","Washed - Wet","2012","2013-07-11"
751,"North America","Mexico","Washed - Wet","2012","2013-04-02"
752,"South America","Colombia","Washed - Wet","2012","2013-02-21"
753,"South America","Colombia","Washed - Wet","2012","2013-02-08"
754,"South America","Brazil","Natural - Dry","2012","2013-01-22"
755,"South America","Colombia",NULL,NULL,"2012-02-29"
756,"South America","Brazil","Natural - Dry","2016","2017-08-16"
757,"North America","Honduras","Washed - Wet","2015","2017-06-09"
758,"North America","Nicaragua",NULL,NULL,"2017-03-15"
759,"Africa","Tanzania","Washed - Wet","2015","2016-11-15"
760,"Africa","Tanzania","Washed - Wet","2015","2016-10-19"
761,"South America","Brazil","Natural - Dry","2015","2016-10-07"
762,"Asia","Thailand","Washed - Wet","2014","2016-06-08"
763,"North America","Honduras","Washed - Wet","2015","2016-04-14"
764,"North America","Guatemala","Washed - Wet","2014","2016-03-20"
765,"South America","Brazil","Natural - Dry","2014","2016-01-15"
766,"Africa","Tanzania","Washed - Wet","2014","2015-12-15"
767,"North America","Mexico","Washed - Wet","2013","2015-07-15"
768,"North America","Mexico","Washed - Wet","2013","2015-04-10"
769,"Asia","Taiwan","Other","2013","2014-12-26"
770,"Asia","Taiwan","Washed - Wet","2012","2014-05-29"
771,"South America","Colombia","Washed - Wet","2013","2014-03-20"
772,"North America","Mexico","Washed - Wet","2012","2013-09-27"
773,"North America","Guatemala","Washed - Wet","2012","2013-08-02"
774,"North America","Mexico","Washed - Wet","2012","2013-07-11"
775,"North America","Mexico","Washed - Wet","2012","2013-07-02"
776,"South America","Colombia",NULL,"2010","2012-02-09"
777,"Asia","Indonesia","Washed - Wet","2017","2018-08-03"
778,"South America","Colombia","Washed - Wet","2016","2018-02-20"
779,"South America","Brazil","Natural - Dry","2016","2017-08-16"
780,"South America","Brazil","Natural - Dry","2015","2016-10-07"
781,"North America","Costa Rica","Washed - Wet","2015","2016-04-09"
782,"Africa","Tanzania","Washed - Wet","2014","2016-03-24"
783,"Africa","Tanzania","Washed - Wet","2014","2016-01-08"
784,"South America","Colombia","Washed - Wet","2013","2015-09-12"
785,"North America","Costa Rica","Washed - Wet","2013","2015-03-21"
786,"North America","United States","Natural - Dry","2012","2013-11-26"
787,"North America","Mexico","Washed - Wet","2012","2013-09-10"
788,"North America","Mexico","Washed - Wet","2012","2013-08-30"
789,"North America","Mexico","Washed - Wet","2012","2013-07-26"
790,"Asia","Vietnam","Natural - Dry","2012","2013-07-23"
791,"North America","Mexico","Washed - Wet","2012","2013-07-11"
792,"North America","United States","Washed - Wet","2012","2013-02-22"
793,"South America","Colombia",NULL,"2011","2012-04-17"
794,"North America","Honduras","Washed - Wet","2017","2018-06-01"
795,"North America","Honduras","Natural - Dry","2016","2018-04-06"
796,"South America","Brazil","Natural - Dry","2016","2017-08-16"
797,"Africa","Tanzania","Washed - Wet","2015","2016-11-15"
798,"Asia","Laos","Washed - Wet","2015","2016-11-04"
799,"Africa","Tanzania","Washed - Wet","2014","2015-12-18"
800,"Africa","Malawi","Washed - Wet","2014","2015-10-31"
801,"Asia","Taiwan","Washed - Wet","2013","2015-07-22"
802,"Asia","Thailand","Washed - Wet","2013","2015-06-20"
803,"North America","Costa Rica","Washed - Wet","2013","2015-06-09"
804,"North America","Honduras","Washed - Wet","2014","2015-04-30"
805,"South America","Colombia","Washed - Wet","2013","2014-09-13"
806,"Asia","Taiwan","Washed - Wet","2012","2014-06-03"
807,"South America","Brazil","Natural - Dry","2012","2014-05-21"
808,"North America","Mexico","Washed - Wet","2012","2013-07-11"
809,"South America","Brazil","Natural - Dry","2012","2013-06-04"
810,"South America","Brazil","Semi-washed - Semi-pulped","2012","2013-04-11"
811,"North America","Guatemala","Natural - Dry","2012","2013-03-26"
812,"South America","Brazil","Semi-washed - Semi-pulped","2012","2013-02-16"
813,"North America","Guatemala","Washed - Wet","2012","2013-01-31"
814,"South America","Colombia",NULL,NULL,"2012-07-28"
815,"North America","Guatemala","Washed - Wet","2017","2018-08-22"
816,"North America","Guatemala","Washed - Wet","2017","2018-06-22"
817,"North America","Honduras","Washed - Wet","2017","2018-06-01"
818,"South America","Brazil","Natural - Dry","2016","2017-10-26"
819,"North America","El Salvador","Washed - Wet","2014","2016-05-04"
820,"North America","Guatemala","Washed - Wet","2015","2016-04-19"
821,"Africa","Tanzania","Washed - Wet","2014","2016-01-06"
822,"North America","Nicaragua","Washed - Wet","2013","2015-07-29"
823,"Africa","Zambia","Washed - Wet","2014","2015-06-20"
824,"North America","Honduras","Washed - Wet","2012","2015-01-17"
825,"Asia","Taiwan","Other","2012","2014-12-26"
826,"North America","Mexico","Washed - Wet","2013","2014-03-29"
827,"North America","Mexico","Semi-washed - Semi-pulped","2012","2013-09-27"
828,"North America","Mexico","Washed - Wet","2012","2013-09-27"
829,"North America","Mexico","Washed - Wet","2012","2013-07-11"
830,"North America","Mexico","Washed - Wet","2012","2013-07-11"
831,"South America","Brazil","Natural - Dry","2012","2013-02-28"
832,"South America","Colombia",NULL,"2010","2012-02-01"
833,"North America","Guatemala","Washed - Wet","2017","2018-08-22"
834,"North America","Costa Rica","Pulped natural - honey","2016","2018-02-13"
835,"South America","Brazil","Natural - Dry","2016","2018-01-20"
836,"Asia","Indonesia","Other","2015","2018-01-19"
837,"North America","Guatemala","Washed - Wet","2015","2017-08-02"
838,"South America","Brazil","Natural - Dry","2015","2016-10-07"
839,"South America","Brazil","Natural - Dry","2015","2016-10-07"
840,"Asia","Myanmar","Washed - Wet","2015","2016-07-16"
841,"North America","Mexico","Washed - Wet","2015","2016-06-24"
842,"North America","Honduras","Washed - Wet","2015","2016-05-11"
843,"North America","Costa Rica","Washed - Wet","2015","2016-05-06"
844,"Asia","Taiwan","Washed - Wet","2014","2016-04-29"
845,"Asia","Indonesia","Other","2014","2016-03-20"
846,"Africa","Malawi","Washed - Wet","2014","2015-10-31"
847,"South America","Brazil","Natural - Dry","2014","2015-10-15"
848,"North America","Honduras","Natural - Dry","2014","2015-05-16"
849,"North America","Mexico","Washed - Wet","2014","2015-04-26"
850,"South America","Colombia","Washed - Wet","2013","2014-07-19"
851,"North America","United States","Natural - Dry","2012","2014-03-06"
852,"South America","Brazil","Semi-washed - Semi-pulped","2012","2014-03-02"
853,"North America","Guatemala","Washed - Wet","2013","2014-02-26"
854,"North America","Mexico","Washed - Wet","2012","2013-08-31"
855,"North America","Mexico","Semi-washed - Semi-pulped","2012","2013-07-11"
856,"South America","Brazil",NULL,"2011","2012-10-27"
857,"South America","Colombia",NULL,"2011","2012-06-13"
858,"North America","United States",NULL,NULL,"2011-05-24"
859,"North America","Guatemala","Washed - Wet","2017","2018-06-22"
860,"Asia","Vietnam","Washed - Wet","2014","2016-12-20"
861,"Africa","Tanzania","Washed - Wet","2014","2016-01-08"
862,"South America","Brazil","Natural - Dry","2013","2015-08-25"
863,"North America","Mexico","Washed - Wet","2012","2013-09-27"
864,"North America","Mexico","Washed - Wet","2012","2013-09-10"
865,"North America","Mexico","Washed - Wet","2012","2013-09-04"
866,"North America","Mexico","Washed - Wet","2012","2013-08-30"
867,"North America","Mexico","Washed - Wet","2012","2013-06-06"
868,"South America","Colombia","Washed - Wet","2011","2012-12-21"
869,"South America","Colombia",NULL,NULL,"2012-10-03"
870,"South America","Brazil","Natural - Dry","2017","2018-10-20"
871,"North America","Guatemala","Washed - Wet","2017","2018-08-22"
872,"North America","Guatemala","Washed - Wet","2017","2018-06-05"
873,"North America","Honduras","Washed - Wet","2016","2017-05-02"
874,"Africa","Tanzania",NULL,"2016","2017-04-27"
875,"North America","Nicaragua",NULL,NULL,"2017-03-11"
876,"South America","Colombia",NULL,"2016","2017-01-20"
877,"South America","Brazil","Natural - Dry","2015","2016-10-07"
878,"Africa","Tanzania","Washed - Wet","2014","2016-01-02"
879,"Africa","Tanzania","Washed - Wet","2013","2015-12-15"
880,"South America","Brazil","Washed - Wet","2014","2015-10-16"
881,"Asia","Indonesia","Semi-washed - Semi-pulped","2013","2015-05-23"
882,"North America","Honduras","Natural - Dry","2014","2015-05-16"
883,"North America","Costa Rica","Washed - Wet","2013","2015-04-26"
884,"North America","Mexico","Washed - Wet","2014","2015-04-02"
885,"Asia","Taiwan","Semi-washed - Semi-pulped","2013","2014-12-26"
886,"Asia","Taiwan","Washed - Wet","2013","2014-12-26"
887,"North America","Mexico","Washed - Wet","2013","2014-03-29"
888,"North America","Guatemala","Washed - Wet","2012","2013-10-05"
889,"North America","Mexico","Washed - Wet","2012","2013-09-11"
890,"North America","Mexico","Washed - Wet","2012","2013-08-30"
891,"North America","Mexico","Washed - Wet","2012","2013-07-27"
892,"North America","Mexico","Washed - Wet","2012","2013-04-02"
893,"North America","Mexico","Semi-washed - Semi-pulped","2012","2013-02-28"
894,"North America","United States","Washed - Wet","2012","2013-02-07"
895,"North America","Honduras","Washed - Wet","2018","2019-01-19"
896,"North America","Guatemala","Washed - Wet","2017","2018-06-01"
897,"Asia","Taiwan","Washed - Wet","2016","2017-07-15"
898,"North America","Costa Rica","Washed - Wet","2015","2016-02-03"
899,"Africa","Tanzania","Washed - Wet","2014","2015-12-18"
900,"Africa","Malawi","Washed - Wet","2014","2015-10-31"
901,"Asia","Taiwan","Semi-washed - Semi-pulped","2014","2015-08-25"
902,"South America","Brazil","Washed - Wet","2013","2014-11-06"
903,"North America","Guatemala","Washed - Wet","2013","2014-07-16"
904,"North America","Mexico","Washed - Wet","2013","2014-03-29"
905,"North America","Mexico","Natural - Dry","2012","2013-06-06"
906,"North America","Mexico","Natural - Dry","2012","2013-06-06"
907,"Asia","Thailand",NULL,"2011","2012-11-15"
908,"Asia","Thailand",NULL,"2011","2012-08-15"
909,"North America","Costa Rica",NULL,NULL,"2012-06-13"
910,"North America","Guatemala","Washed - Wet","2017","2018-08-23"
911,"North America","Nicaragua","Other","2017","2018-06-20"
912,"North America","Honduras","Washed - Wet","2017","2018-06-03"
913,"North America","Guatemala",NULL,"2017","2018-06-01"
914,"Asia","Taiwan","Natural - Dry","2015","2016-09-16"
915,"Asia","Myanmar","Washed - Wet","2015","2016-07-16"
916,"North America","Costa Rica","Washed - Wet","2014","2016-01-07"
917,"Africa","Malawi","Washed - Wet","2014","2015-11-04"
918,"North America","Guatemala","Washed - Wet","2014","2015-09-23"
919,"Asia","Taiwan","Washed - Wet","2014","2015-08-18"
920,"South America","Brazil","Semi-washed - Semi-pulped","2014","2015-07-29"
921,"North America","Haiti","Washed - Wet","2013","2015-05-05"
922,"Asia","Taiwan","Other","2013","2014-12-26"
923,"North America","Mexico","Washed - Wet","2013","2014-03-11"
924,"North America","Mexico","Washed - Wet","2012","2013-08-30"
925,"North America","Mexico","Washed - Wet","2012","2013-08-29"
926,"North America","Mexico","Semi-washed - Semi-pulped","2012","2013-08-01"
927,"North America","Mexico","Washed - Wet","2012","2013-07-26"
928,"North America","Mexico","Natural - Dry","2012","2013-07-26"
929,"Asia","Indonesia","Washed - Wet","2012","2013-05-24"
930,"South America","Brazil","Semi-washed - Semi-pulped","2012","2013-04-12"
931,"North America","Guatemala","Washed - Wet","2012","2013-01-24"
932,"South America","Colombia",NULL,NULL,"2012-09-06"
933,"North America","United States",NULL,NULL,"2011-06-29"
934,"North America","Mexico","Washed - Wet","2017","2018-05-12"
935,"North America","Guatemala","Washed - Wet","2016","2017-03-17"
936,"South America","Brazil","Natural - Dry","2015","2016-12-02"
937,"North America","Honduras","Washed - Wet","2015","2016-05-11"
938,"Asia","Taiwan","Washed - Wet","2014","2015-11-23"
939,"Africa","Malawi","Washed - Wet","2014","2015-11-04"
940,"South America","Brazil","Natural - Dry","2014","2015-10-17"
941,"North America","Guatemala","Washed - Wet","2014","2015-05-26"
942,"North America","Mexico","Washed - Wet","2014","2015-05-01"
943,"South America","Peru","Washed - Wet","2013","2015-02-27"
944,"North America","Guatemala","Washed - Wet","2013","2014-10-07"
945,"North America","Mexico","Washed - Wet","2012","2013-09-27"
946,"North America","Mexico","Washed - Wet","2012","2013-06-06"
947,"South America","Colombia","Natural - Dry","2011","2012-11-10"
948,"South America","Colombia",NULL,"2010","2012-02-22"
949,"North America","United States",NULL,NULL,"2011-05-24"
950,"South America","Colombia","Washed - Wet","2016","2017-11-08"
951,"North America","Honduras","Washed - Wet","2016","2017-06-09"
952,"North America","Mexico",NULL,"2016","2017-02-24"
953,"South America","Brazil","Natural - Dry","2015","2016-11-19"
954,"North America","Honduras","Washed - Wet","2015","2016-05-21"
955,"South America","Brazil","Other","2014","2015-12-16"
956,"Asia","Philippines","Washed - Wet","2014","2015-11-13"
957,"Africa","Malawi","Washed - Wet","2014","2015-11-04"
958,"North America","Honduras","Washed - Wet","2014","2015-01-22"
959,"North America","Mexico","Washed - Wet","2012","2013-08-30"
960,"North America","Mexico","Washed - Wet","2012","2013-07-11"
961,"South America","Brazil","Natural - Dry",NULL,"2018-11-15"
962,"Asia","Taiwan","Natural - Dry","2015","2017-05-18"
963,"South America","Brazil","Natural - Dry","2015","2016-10-07"
964,"North America","Nicaragua","Washed - Wet","2015","2016-07-05"
965,"North America","Honduras","Washed - Wet","2015","2016-05-11"
966,"North America","Guatemala","Washed - Wet","2014","2016-03-20"
967,"Africa","Tanzania","Washed - Wet","2014","2015-12-17"
968,"Asia","Taiwan","Semi-washed - Semi-pulped","2013","2014-12-26"
969,"North America","Guatemala","Washed - Wet","2013","2014-03-04"
970,"North America","Mexico","Washed - Wet","2012","2013-07-26"
971,"North America","Nicaragua","Washed - Wet","2016","2018-03-08"
972,"Africa","Tanzania","Washed - Wet","2015","2016-11-15"
973,"North America","Mexico","Washed - Wet","2015","2016-06-24"
974,"North America","Costa Rica","Washed - Wet","2015","2016-05-21"
975,"North America","Honduras","Natural - Dry","2015","2016-03-10"
976,"Asia","Thailand","Washed - Wet","2014","2016-02-15"
977,"Asia","Philippines","Natural - Dry","2014","2016-01-08"
978,"Africa","Tanzania","Washed - Wet","2014","2015-12-17"
979,"Africa","Malawi","Washed - Wet","2014","2015-11-04"
980,"North America","Costa Rica","Washed - Wet","2014","2015-05-09"
981,"South America","Brazil","Natural - Dry","2013","2015-02-04"
982,"North America","Mexico","Natural - Dry","2012","2013-08-30"
983,"North America","Guatemala","Washed - Wet","2012","2013-08-20"
984,"South America","Brazil","Natural - Dry","2012","2013-01-22"
985,"North America","United States",NULL,NULL,"2012-09-21"
986,"Africa","Ethiopia","Natural - Dry","2016","2018-07-14"
987,"South America","Brazil","Natural - Dry","2016","2018-06-21"
988,"North America","Nicaragua","Washed - Wet","2015","2016-03-27"
989,"North America","United States","Natural - Dry","2014","2016-03-03"
990,"Africa","Tanzania","Washed - Wet","2014","2016-01-02"
991,"North America","Costa Rica","Washed - Wet","2014","2015-12-18"
992,"North America","United States","Washed - Wet","2013","2015-05-28"
993,"North America","Mexico","Washed - Wet","2012","2013-09-14"
994,"North America","Mexico","Washed - Wet","2012","2013-09-04"
995,"North America","Mexico","Washed - Wet","2012","2013-08-30"
996,"North America","Mexico","Washed - Wet","2012","2013-07-03"
997,"North America","United States","Washed - Wet","2012","2013-02-12"
998,"South America","Brazil","Pulped natural - honey",NULL,"2019-01-16"
999,"North America","El Salvador","Washed - Wet","2017","2018-08-28"
1000,"South America","Brazil","Pulped natural - honey","2016","2017-09-09"
1001,"North America","Guatemala","Washed - Wet","2016","2017-08-02"
1002,"South America","Colombia","Washed - Wet","2016","2017-07-22"
1003,"North America","Guatemala","Washed - Wet","2015","2016-07-22"
1004,"Asia","Taiwan","Washed - Wet","2015","2016-05-05"
1005,"North America","Honduras","Natural - Dry","2014","2016-01-26"
1006,"South America","Brazil","Natural - Dry","2014","2016-01-15"
1007,"Africa","Tanzania","Washed - Wet","2014","2015-12-15"
1008,"Africa","Uganda","Natural - Dry","2013","2015-06-30"
1009,"Asia","Taiwan","Semi-washed - Semi-pulped","2013","2014-12-26"
1010,"Asia","Thailand","Washed - Wet","2012","2014-05-29"
1011,"North America","Mexico","Washed - Wet","2012","2013-09-11"
1012,"North America","Mexico","Washed - Wet","2012","2013-07-03"
1013,"Asia","Taiwan","Washed - Wet","2017","2018-12-08"
1014,"North America","Guatemala","Washed - Wet","2017","2018-08-23"
1015,"Africa","Kenya","Washed - Wet","2017","2018-07-07"
1016,"North America","Mexico","Washed - Wet","2017","2018-05-12"
1017,"Asia","Myanmar","Other","2015","2016-07-16"
1018,"North America","United States","Natural - Dry","2014","2016-01-13"
1019,"Africa","Tanzania","Washed - Wet","2014","2015-12-18"
1020,"South America","Brazil","Natural - Dry","2014","2015-12-16"
1021,"Asia","Taiwan","Washed - Wet","2014","2015-11-23"
1022,"South America","Brazil","Natural - Dry","2014","2015-10-16"
1023,"North America","Nicaragua","Washed - Wet","2013","2015-07-16"
1024,"North America","Guatemala","Washed - Wet","2014","2015-06-10"
1025,"Asia","Taiwan","Washed - Wet","2013","2014-12-26"
1026,"Asia","Taiwan","Other","2013","2014-12-26"
1027,"Asia","Taiwan","Washed - Wet","2013","2014-12-26"
1028,"North America","Mexico","Washed - Wet","2012","2013-07-11"
1029,"Asia","Thailand",NULL,NULL,"2011-04-13"
1030,"Asia","Laos","Washed - Wet","2016","2018-06-22"
1031,"North America","Guatemala","Washed - Wet","2013","2015-05-26"
1032,"North America","Mexico","Semi-washed - Semi-pulped","2012","2013-08-30"
1033,"North America","Mexico","Washed - Wet","2012","2013-08-29"
1034,"North America","Mexico","Washed - Wet","2012","2013-07-03"
1035,"North America","United States","Washed - Wet","2012","2013-02-22"
1036,"South America","Colombia",NULL,"2010","2012-01-25"
1037,"South America","Brazil","Natural - Dry","2015","2016-10-07"
1038,"Asia","Myanmar","Washed - Wet","2015","2016-07-16"
1039,"North America","Guatemala","Washed - Wet","2015","2016-06-17"
1040,"North America","Nicaragua","Washed - Wet","2015","2016-05-27"
1041,"North America","Honduras","Natural - Dry","2015","2016-05-24"
1042,"North America","Panama","Other","2014","2016-05-22"
1043,"North America","Honduras","Washed - Wet","2015","2016-05-21"
1044,"North America","Honduras","Natural - Dry","2015","2016-03-10"
1045,"North America","Costa Rica","Washed - Wet","2014","2015-04-11"
1046,"North America","Mexico","Washed - Wet","2012","2013-09-04"
1047,"North America","Haiti","Washed - Wet","2012","2013-05-22"
1048,"North America","United States","Natural - Dry","2011","2012-12-20"
1049,"Asia","Taiwan","Other","2016","2017-08-12"
1050,"Asia","Indonesia","Semi-washed - Semi-pulped","2015","2016-11-09"
1051,"North America","Guatemala","Washed - Wet","2015","2016-10-22"
1052,"North America","Costa Rica","Washed - Wet","2015","2016-02-27"
1053,"Africa","Malawi","Washed - Wet","2014","2015-11-04"
1054,"North America","Mexico","Washed - Wet","2014","2015-10-23"
1055,"South America","Colombia","Natural - Dry","2014","2015-04-14"
1056,"North America","Guatemala","Washed - Wet","2013","2014-06-05"
1057,"North America","Guatemala","Washed - Wet","2012","2013-01-24"
1058,"North America","Guatemala","Washed - Wet","2012","2013-01-24"
1059,"South America","Colombia",NULL,NULL,"2012-03-14"
1060,"South America","Brazil",NULL,"2016","2017-03-11"
1061,"North America","Nicaragua",NULL,"2016","2017-02-25"
1062,"Africa","Tanzania","Washed - Wet","2014","2016-01-06"
1063,"South America","Brazil","Semi-washed - Semi-pulped","2014","2015-10-17"
1064,"North America","Honduras","Washed - Wet","2014","2015-04-30"
1065,"North America","Guatemala","Natural - Dry","2014","2015-01-28"
1066,"North America","United States",NULL,NULL,"2012-05-03"
1067,"South America","Colombia",NULL,NULL,"2012-03-14"
1068,"Asia","Taiwan","Natural - Dry","2017","2018-12-08"
1069,"North America","Guatemala","Washed - Wet","2017","2018-09-08"
1070,"North America","Honduras","Washed - Wet","2017","2018-08-23"
1071,"Africa","Mauritius",NULL,"2016","2017-02-10"
1072,"South America","Brazil","Semi-washed - Semi-pulped","2015","2016-11-16"
1073,"Asia","Myanmar","Washed - Wet","2015","2016-07-16"
1074,"North America","Guatemala","Washed - Wet","2014","2015-04-23"
1075,"South America","Brazil","Semi-washed - Semi-pulped","2013","2015-04-17"
1076,"North America","United States","Natural - Dry","2013","2015-02-04"
1077,"North America","Guatemala","Washed - Wet","2013","2014-02-13"
1078,"North America","Mexico","Washed - Wet","2012","2013-09-17"
1079,"North America","Honduras",NULL,"2016","2017-02-02"
1080,"Asia","Taiwan","Washed - Wet","2014","2015-11-23"
1081,"North America","El Salvador","Washed - Wet","2013","2015-04-26"
1082,"Asia","China","Washed - Wet","2013","2015-01-17"
1083,"Asia","Taiwan","Washed - Wet","2013","2014-12-26"
1084,"North America","Mexico","Washed - Wet","2012","2013-09-04"
1085,"North America","Mexico","Washed - Wet","2012","2013-08-30"
1086,"Africa","Burundi",NULL,"2016","2017-01-21"
1087,"Africa","Tanzania","Washed - Wet","2015","2016-11-15"
1088,"Africa","Tanzania","Washed - Wet","2014","2015-12-18"
1089,"Asia","Taiwan","Other","2013","2014-12-26"
1090,"North America","Guatemala","Washed - Wet","2013","2014-06-06"
1091,"North America","Mexico","Semi-washed - Semi-pulped","2012","2013-08-30"
1092,"North America","United States","Washed - Wet","2012","2013-02-07"
1093,"Africa","Ethiopia",NULL,"2010","2011-06-17"
1094,"South America","Brazil","Natural - Dry","2017","2018-11-03"
1095,"North America","Honduras","Natural - Dry","2016","2018-04-06"
1096,"North America","Mexico","Washed - Wet","2016","2017-04-26"
1097,"Asia","Myanmar","Natural - Dry","2015","2016-08-26"
1098,"Asia","Myanmar","Natural - Dry","2014","2016-07-16"
1099,"North America","Nicaragua","Washed - Wet","2015","2016-02-20"
1100,"North America","United States","Natural - Dry","2014","2015-03-03"
1101,"South America","Colombia","Washed - Wet","2012","2015-01-08"
1102,"Asia","Taiwan","Semi-washed - Semi-pulped","2013","2014-12-26"
1103,"North America","Guatemala","Washed - Wet","2012","2014-01-09"
1104,"North America","Mexico","Washed - Wet","2012","2013-09-27"
1105,"Asia","Vietnam","Other","2017","2018-05-09"
1106,"North America","Nicaragua","Washed - Wet","2015","2016-04-23"
1107,"North America","Honduras","Washed - Wet","2015","2016-01-26"
1108,"North America","Guatemala","Washed - Wet","2013","2014-08-07"
1109,"North America","Mexico","Washed - Wet","2012","2013-10-09"
1110,"North America","Mexico","Washed - Wet","2012","2013-09-13"
1111,"North America","Mexico","Washed - Wet","2012","2013-09-10"
1112,"North America","Guatemala","Washed - Wet","2012","2013-05-24"
1113,"North America","United States",NULL,NULL,"2012-09-21"
1114,"South America","Brazil","Pulped natural - honey","2017","2018-11-29"
1115,"Asia","Taiwan","Washed - Wet","2014","2015-11-23"
1116,"North America","Nicaragua","Natural - Dry","2013","2015-02-25"
1117,"Asia","Taiwan","Other","2013","2014-12-26"
1118,"Asia","Taiwan","Washed - Wet","2013","2014-12-26"
1119,"Asia","Taiwan","Semi-washed - Semi-pulped","2013","2014-12-26"
1120,"North America","Mexico","Washed - Wet","2012","2013-09-14"
1121,"North America","Mexico","Washed - Wet","2012","2013-08-30"
1122,"North America","Nicaragua","Washed - Wet","2017","2018-06-13"
1123,"Asia","Myanmar","Washed - Wet","2015","2016-07-16"
1124,"North America","Mexico","Washed - Wet","2014","2015-05-01"
1125,"Asia","Taiwan","Washed - Wet","2013","2014-12-26"
1126,"Asia","Thailand","Washed - Wet","2012","2014-05-29"
1127,"North America","Mexico","Washed - Wet","2012","2013-09-10"
1128,"North America","Mexico","Washed - Wet","2012","2013-09-04"
1129,"Africa","Ethiopia",NULL,"2010","2011-06-17"
1130,"South America","Colombia","Washed - Wet","2015","2016-04-22"
1131,"North America","United States","Natural - Dry","2014","2015-05-12"
1132,"North America","Mexico","Washed - Wet","2013","2014-03-29"
1133,"North America","Mexico","Washed - Wet","2012","2013-09-11"
1134,"North America","Mexico","Washed - Wet","2012","2013-08-30"
1135,"North America","Mexico","Washed - Wet","2012","2013-07-26"
1136,"North America","Mexico","Natural - Dry","2012","2013-07-11"
1137,"North America","Mexico","Washed - Wet","2012","2013-07-11"
1138,"North America","United States",NULL,NULL,"2012-09-21"
1139,"Africa","Kenya","Washed - Wet","2017","2018-08-25"
1140,"North America","Guatemala","Washed - Wet","2017","2018-08-22"
1141,"North America","Nicaragua","Washed - Wet","2014","2016-03-29"
1142,"North America","Mexico","Washed - Wet","2012","2013-07-11"
1143,"North America","United States","Natural - Dry","2012","2013-04-05"
1144,"North America","Guatemala","Washed - Wet","2016","2018-06-22"
1145,"Asia","Taiwan","Natural - Dry","2014","2016-03-20"
1146,"Asia","Taiwan","Washed - Wet","2013","2015-07-28"
1147,"Asia","Thailand","Washed - Wet","2013","2015-06-16"
1148,"South America","Peru","Washed - Wet","2013","2015-01-23"
1149,"North America","Costa Rica","Washed - Wet","2013","2014-09-23"
1150,"North America","Mexico","Washed - Wet","2013","2014-03-29"
1151,"North America","Mexico","Washed - Wet","2013","2014-03-29"
1152,"North America","Mexico","Washed - Wet","2013","2014-03-29"
1153,"North America","Mexico","Washed - Wet","2012","2013-09-14"
1154,"North America","Mexico","Washed - Wet","2012","2013-09-04"
1155,"North America","Guatemala","Washed - Wet","2012","2013-07-23"
1156,"North America","Mexico","Washed - Wet","2012","2013-06-06"
1157,"North America","Guatemala","Washed - Wet","2016","2018-06-22"
1158,"North America","El Salvador","Washed - Wet","2016","2018-03-23"
1159,"Asia","Thailand","Washed - Wet","2013","2015-06-16"
1160,"North America","Guatemala","Washed - Wet","2013","2014-06-27"
1161,"North America","Mexico","Washed - Wet","2013","2014-03-29"
1162,"North America","Mexico","Washed - Wet","2012","2013-09-27"
1163,"North America","Mexico","Washed - Wet","2012","2013-06-04"
1164,"Asia","Thailand",NULL,NULL,"2011-04-09"
1165,"North America","Mexico","Washed - Wet","2012","2013-09-17"
1166,"North America","Mexico","Washed - Wet","2012","2013-08-30"
1167,"South America","Colombia",NULL,"2010","2012-02-09"
1168,"North America","Guatemala",NULL,"2009","2012-01-13"
1169,"North America","Nicaragua","Natural - Dry","2015","2016-07-05"
1170,"Asia","Taiwan","Natural - Dry","2014","2016-05-22"
1171,"South America","Colombia","Washed - Wet","2013","2014-06-21"
1172,"North America","Mexico","Washed - Wet","2012","2013-08-01"
1173,"North America","Mexico","Washed - Wet","2012","2013-07-11"
1174,"North America","Guatemala","Washed - Wet","2013","2015-05-13"
1175,"North America","Guatemala","Washed - Wet","2014","2015-03-31"
1176,"North America","Mexico","Washed - Wet","2012","2013-09-11"
1177,"Africa","Cote dIvoire","Washed - Wet","2016","2018-06-06"
1178,"South America","Colombia","Washed - Wet","2013","2015-01-08"
1179,"North America","Mexico","Washed - Wet","2012","2013-09-17"
1180,"North America","Mexico","Washed - Wet","2012","2013-09-10"
1181,"North America","Guatemala","Washed - Wet","2012","2013-01-12"
1182,"Asia","Taiwan","Washed - Wet","2014","2015-11-07"
1183,"North America","Mexico","Washed - Wet","2012","2013-09-10"
1184,"North America","Guatemala","Washed - Wet","2017","2018-08-22"
1185,"North America","Honduras","Washed - Wet","2017","2018-07-27"
1186,"North America","Guatemala","Washed - Wet","2016","2017-05-23"
1187,"North America","Guatemala","Washed - Wet","2015","2016-06-29"
1188,"North America","Costa Rica","Washed - Wet","2012","2014-12-10"
1189,"North America","Mexico","Washed - Wet","2012","2013-09-13"
1190,"North America","Mexico","Washed - Wet","2012","2013-08-30"
1191,"North America","Mexico",NULL,NULL,"2011-04-09"
1192,"North America","Guatemala","Washed - Wet","2017","2018-08-23"
1193,"North America","United States","Washed - Wet","2013","2015-06-09"
1194,"North America","Mexico","Washed - Wet","2012","2013-09-13"
1195,"North America","Mexico","Washed - Wet","2012","2013-09-12"
1196,"North America","Mexico","Washed - Wet","2012","2013-07-03"
1197,NULL,NULL,NULL,NULL,"2012-02-29"
1198,"North America","Guatemala","Washed - Wet","2014","2015-09-11"
1199,"North America","Honduras","Washed - Wet","2014","2015-04-26"
1200,"South America","Peru","Washed - Wet","2012","2014-01-08"
1201,"North America","Mexico","Natural - Dry","2012","2013-09-17"
1202,"North America","Mexico","Semi-washed - Semi-pulped","2012","2013-09-12"
1203,"North America","Mexico","Washed - Wet","2012","2013-08-30"
1204,"North America","Mexico","Washed - Wet","2013","2014-03-12"
1205,"North America","Mexico","Washed - Wet","2012","2013-09-17"
1206,"North America","Nicaragua","Other","2016","2018-05-22"
1207,"North America","United States","Natural - Dry","2013","2015-01-17"
1208,"North America","Guatemala","Washed - Wet","2013","2014-07-05"
1209,"North America","Mexico","Washed - Wet","2012","2013-08-01"
1210,"North America","Mexico","Semi-washed - Semi-pulped","2012","2013-07-16"
1211,"North America","Mexico","Washed - Wet","2012","2013-06-06"
1212,"Asia","China","Washed - Wet","2013","2015-04-26"
1213,"North America","Mexico","Washed - Wet","2012","2013-09-17"
1214,"North America","Nicaragua",NULL,"2016","2017-02-16"
1215,"North America","Nicaragua","Natural - Dry","2014","2016-03-27"
1216,"North America","Guatemala","Washed - Wet","2014","2015-09-04"
1217,"Asia","Taiwan","Washed - Wet","2013","2015-07-22"
1218,"North America","Mexico","Washed - Wet","2012","2013-07-26"
1219,"North America","Mexico","Washed - Wet","2012","2013-07-02"
1220,"North America","United States",NULL,NULL,"2012-06-20"
1221,"North America","Mexico","Washed - Wet","2014","2015-04-26"
1222,"North America","Mexico","Washed - Wet","2012","2013-09-14"
1223,"North America","Mexico","Washed - Wet","2012","2013-07-26"
1224,"South America","Brazil","Natural - Dry","2014","2015-12-16"
1225,"North America","Mexico","Washed - Wet","2012","2013-09-14"
1226,"North America","United States","Natural - Dry","2014","2015-03-19"
1227,"North America","Guatemala","Washed - Wet","2014","2015-02-27"
1228,"North America","Guatemala","Washed - Wet","2012","2014-02-07"
1229,"North America","Mexico","Natural - Dry","2012","2013-09-11"
1230,"North America","Guatemala","Washed - Wet","2012","2013-01-12"
1231,"North America","United States","Natural - Dry","2014","2016-01-20"
1232,"North America","United States","Natural - Dry","2012","2013-05-24"
1233,"Asia","Indonesia","Washed - Wet","2016","2018-07-18"
1234,"North America","Mexico","Washed - Wet","2012","2013-07-11"
1235,"Asia","Taiwan","Washed - Wet","2016","2018-06-06"
1236,"North America","Honduras","Natural - Dry","2014","2015-05-15"
1237,"North America","United States","Natural - Dry","2014","2015-03-18"
1238,"North America","Guatemala","Washed - Wet","2014","2015-02-07"
1239,"Asia","China","Washed - Wet","2013","2014-09-05"
1240,"North America","Guatemala","Washed - Wet","2013","2014-04-29"
1241,"North America","Mexico","Washed - Wet","2012","2013-09-11"
1242,"South America","Colombia",NULL,NULL,"2012-11-30"
1243,"North America","Costa Rica","Washed - Wet","2014","2016-02-03"
1244,"North America","Mexico","Washed - Wet","2012","2013-07-26"
1245,"North America","Guatemala","Washed - Wet","2012","2013-01-12"
1246,"North America","Nicaragua",NULL,"2016","2017-02-28"
1247,"South America","Brazil","Washed - Wet","2014","2015-08-25"
1248,"North America","Guatemala","Washed - Wet","2013","2014-02-07"
1249,"Asia","Taiwan","Washed - Wet","2012","2014-05-29"
1250,"North America","United States","Natural - Dry","2013","2014-05-03"
1251,"North America","Mexico","Washed - Wet","2012","2013-09-17"
1252,"North America","Guatemala","Washed - Wet","2013","2014-01-29"
1253,"South America","Brazil","Natural - Dry","2017","2018-10-20"
1254,"North America","Guatemala","Washed - Wet","2014","2015-04-08"
1255,"North America","Mexico","Washed - Wet","2012","2013-09-13"
1256,"North America","Haiti","Washed - Wet","2013","2015-05-05"
1257,"North America","United States","Natural - Dry","2013","2015-01-27"
1258,"North America","Mexico","Washed - Wet","2012","2013-09-11"
1259,"South America","Peru","Washed - Wet","2014","2016-06-15"
1260,"Asia","India","Natural - Dry","2016","2018-01-16"
1261,"North America","Mexico",NULL,NULL,"2011-04-09"
1262,"North America","Guatemala","Washed - Wet","2012","2013-01-02"
1263,"North America","Mexico","Washed - Wet","2012","2013-07-26"
1264,"North America","Guatemala","Washed - Wet","2012","2013-04-30"
1265,"North America","Guatemala","Washed - Wet","2011","2013-01-02"
1266,"North America","United States","Natural - Dry","2014","2015-03-18"
1267,"North America","United States","Natural - Dry","2013","2015-01-20"
1268,"North America","Mexico","Washed - Wet","2012","2013-09-17"
1269,"Asia","Indonesia","Natural - Dry","2011","2013-01-17"
1270,"North America","Mexico","Washed - Wet","2012","2013-09-10"
1271,"North America","Honduras","Natural - Dry","2014","2015-05-15"
1272,"Asia","Philippines","Washed - Wet","2012","2014-05-14"
1273,"South America","Brazil","Natural - Dry","2017","2018-10-27"
1274,"North America","Guatemala","Washed - Wet","2012","2013-07-09"
1275,"North America","Guatemala","Washed - Wet","2012","2013-01-05"
1276,"North America","Mexico","Washed - Wet","2012","2013-09-12"
1277,"North America","Mexico","Washed - Wet","2012","2013-09-12"
1278,"North America","Mexico","Washed - Wet","2012","2013-06-06"
1279,"North America","Mexico","Washed - Wet","2012","2013-03-05"
1280,"North America","Mexico","Washed - Wet","2012","2013-07-11"
1281,"North America","Mexico","Washed - Wet","2012","2013-09-13"
1282,"North America","Mexico","Washed - Wet","2012","2013-08-01"
1283,"North America","Guatemala","Washed - Wet","2012","2013-01-08"
1284,"North America","Guatemala","Washed - Wet","2012","2013-01-04"
1285,"North America","Mexico","Washed - Wet","2013","2014-03-29"
1286,"North America","United States","Natural - Dry","2014","2015-03-13"
1287,"North America","Guatemala","Washed - Wet","2013","2014-06-06"
1288,"North America","Mexico","Washed - Wet","2012","2013-09-10"
1289,"North America","Mexico","Washed - Wet","2012","2013-09-17"
1290,"North America","Mexico","Washed - Wet","2012","2013-08-01"
1291,"North America","United States","Natural - Dry","2012","2013-04-06"
1292,"South America","Brazil",NULL,"2016","2016-12-27"
1293,"North America","Honduras","Washed - Wet","2014","2015-04-26"
1294,"North America","Mexico","Washed - Wet","2014","2015-05-08"
1295,"South America","Colombia","Natural - Dry","2013","2015-03-03"
1296,"North America","United States","Natural - Dry","2014","2015-03-10"
1297,"North America","Haiti",NULL,"2010","2012-08-22"
1298,"North America","Costa Rica","Washed - Wet","2014","2016-02-03"
1299,"North America","Mexico","Washed - Wet","2012","2013-09-10"
1300,"North America","Mexico","Washed - Wet","2012","2013-07-11"
1301,"North America","Mexico","Washed - Wet","2014","2015-05-05"
1302,"South America","Brazil","Natural - Dry","2017","2018-10-27"
1303,"North America","Honduras","Washed - Wet","2014","2015-05-15"
1304,"North America","Honduras","Washed - Wet","2014","2015-05-15"
1305,"North America","Honduras","Washed - Wet","2014","2015-05-15"
1306,"North America","Mexico","Washed - Wet","2012","2013-09-17"
1307,"North America","Haiti","Natural - Dry","2012","2013-05-24"
1308,"North America","Nicaragua","Other","2016","2018-06-06"
1309,"North America","Guatemala","Washed - Wet","2012","2013-05-24"
1310,"North America","Honduras",NULL,"2017","2018-04-28"
1311,"Africa","Uganda",NULL,"2013","2015-06-26"
1312,"Asia","India","Washed - Wet","2017","2018-10-31"
1313,"Asia","India",NULL,"2015","2016-04-29"
1314,"Africa","Uganda",NULL,"2013","2015-07-14"
1315,"Africa","Uganda",NULL,"2013","2015-06-26"
1316,"Asia","India",NULL,"2012","2013-02-28"
1317,"Asia","India",NULL,"2014","2015-05-15"
1318,"Asia","India","Washed - Wet","2017","2018-10-25"
1319,"Asia","India","Washed - Wet","2015","2017-08-17"
1320,"Africa","Uganda",NULL,"2014","2015-08-05"
1321,"Africa","Uganda",NULL,"2014","2015-06-26"
1322,"Asia","India","Natural - Dry","2015","2017-08-23"
1323,"Asia","India",NULL,"2014","2015-05-19"
1324,"Africa","Uganda",NULL,"2013","2015-07-14"
1325,"Africa","Uganda",NULL,"2014","2015-07-14"
1326,"Asia","India",NULL,"2015","2016-04-29"
1327,"Asia","India","Natural - Dry","2013","2014-06-03"
1328,"Africa","Uganda",NULL,"2013","2015-06-27"
1329,"Africa","Uganda",NULL,"2013","2015-06-27"
1330,"Africa","Uganda",NULL,"2013","2015-06-27"
1331,"Asia","India",NULL,"2014","2015-05-19"
1332,"Asia","India","Natural - Dry","2013","2014-06-20"
1333,"North America","United States","Natural - Dry","2012","2013-02-28"
1334,"South America","Ecuador",NULL,"2016","2017-01-18"
1335,"South America","Ecuador",NULL,"2016","2017-01-18"
1336,"North America","United States","Natural - Dry","2014","2015-12-23"
1337,"Asia","India","Natural - Dry","2013","2015-08-25"
1338,"Asia","Vietnam","Natural - Dry","2013","2015-08-25"
